{"model_name": "Baseline", "train_loss": [3.841329336166382, 3.3263323307037354], "train_accuracy": [0.06410256773233414, 0.21955128014087677], "val_loss": [3.642603635787964, 3.294816732406616], "val_accuracy": [0.09134615212678909, 0.16826923191547394], "y_pred": [17, 18, 2, 28, 24, 11, 17, 17, 24, 45, 33, 25, 24, 24, 45, 27, 0, 45, 48, 8, 18, 18, 42, 45, 16, 45, 18, 4, 49, 45, 49, 43, 45, 18, 45, 11, 48, 18, 25, 11, 45, 49, 33, 24, 18, 45, 45, 18, 45, 25, 24, 18, 46, 25, 10, 36, 43, 18, 48, 45, 43, 11, 45, 11, 28, 18, 18, 45, 45, 24, 45, 48, 18, 1, 49, 48, 49, 24, 17, 48, 45, 48, 48, 49, 45, 8, 17, 24, 45, 24, 11, 33, 17, 45, 11, 45, 43, 48, 11, 32, 18, 24, 45, 28, 16, 45, 24, 16, 25, 33, 33, 5, 11, 11, 28, 24, 45, 45, 43, 43, 18, 11, 11, 24, 1, 16, 11, 48, 26, 2, 24, 11, 18, 18, 24, 45, 1, 49, 34, 45, 24, 45, 45, 24, 27, 43, 4, 11, 45, 45, 17, 0, 45, 5, 24, 45, 43, 5, 18, 0, 11, 49, 49, 48, 45, 1, 24, 0, 5, 18, 48, 28, 24, 5, 24, 45, 24, 45, 17, 48, 18, 45, 31, 49, 0, 33, 18, 48, 43, 11, 18, 11, 42, 4, 24, 33, 11, 11, 16, 45, 11, 4, 11, 18, 26, 45, 16, 43], "y_test": [17, 22, 7, 28, 13, 22, 50, 12, 34, 9, 38, 25, 29, 46, 7, 39, 0, 7, 14, 42, 7, 19, 46, 37, 19, 41, 16, 4, 44, 0, 49, 43, 8, 15, 35, 29, 48, 19, 5, 9, 44, 27, 33, 33, 36, 45, 0, 42, 22, 5, 6, 18, 46, 15, 10, 42, 43, 19, 48, 7, 18, 42, 7, 11, 28, 5, 37, 20, 37, 24, 30, 14, 21, 1, 51, 13, 39, 4, 17, 22, 45, 13, 48, 49, 41, 46, 38, 44, 20, 14, 1, 33, 17, 7, 10, 37, 43, 48, 9, 32, 10, 23, 12, 28, 19, 11, 21, 16, 25, 30, 31, 19, 51, 9, 28, 14, 41, 20, 13, 19, 26, 8, 8, 21, 1, 34, 8, 48, 22, 5, 23, 2, 36, 7, 14, 9, 1, 47, 50, 12, 29, 45, 44, 14, 39, 35, 14, 23, 44, 41, 17, 11, 40, 5, 29, 20, 43, 18, 18, 0, 38, 27, 50, 13, 3, 5, 39, 12, 5, 7, 26, 28, 29, 2, 24, 36, 4, 18, 17, 26, 13, 12, 38, 27, 12, 38, 15, 32, 20, 11, 22, 31, 46, 2, 21, 38, 11, 32, 15, 20, 10, 4, 31, 16, 26, 44, 19, 35]}