{"model_name": "LSTM CNN Inception", "train_loss": [15.745731353759766, 14.119478225708008], "train_accuracy": [0.038590602576732635, 0.07550335675477982], "val_loss": [15.228638648986816, 13.341509819030762], "val_accuracy": [0.033557046204805374, 0.06040268391370773], "y_pred": [44, 15, 15, 39, 15, 45, 15, 15, 39, 45, 39, 15, 51, 15, 51, 45, 39, 39, 15, 15, 39, 45, 45, 39, 15, 51, 45, 45, 39, 44, 51, 39, 39, 13, 51, 39, 45, 15, 8, 15, 15, 45, 1, 45, 45, 15, 25, 45, 51, 39, 13, 45, 39, 45, 45, 15, 15, 39, 51, 15, 39, 39, 39, 13, 39, 45, 39, 15, 45, 15, 15, 15, 15, 15, 39, 51, 45, 8, 45, 15, 51, 45, 15, 15, 39, 13, 51, 45, 51, 39, 45, 8, 15, 39, 45, 51, 15, 51, 15, 15, 15, 13, 39, 15, 15, 45, 39, 15, 15, 49, 45, 15, 45, 15, 51, 15, 45, 15, 45, 45, 15, 39, 39, 39, 15, 15, 13, 39, 51, 15, 15, 15, 15, 39, 15, 15, 39, 15, 51, 39, 13, 38, 15, 48, 15, 51, 15, 39, 15], "y_test": [22, 18, 36, 27, 25, 46, 41, 19, 41, 42, 49, 4, 17, 0, 33, 51, 39, 47, 16, 19, 26, 45, 36, 23, 40, 30, 20, 7, 21, 51, 42, 23, 12, 29, 7, 33, 9, 30, 1, 19, 5, 20, 10, 37, 37, 16, 21, 43, 23, 47, 7, 8, 31, 44, 51, 25, 42, 10, 12, 34, 3, 33, 32, 48, 27, 20, 39, 48, 20, 30, 42, 7, 6, 30, 17, 21, 35, 11, 45, 36, 26, 9, 25, 14, 8, 4, 51, 35, 51, 39, 35, 1, 20, 47, 45, 21, 24, 27, 36, 43, 13, 11, 19, 5, 47, 44, 41, 20, 30, 40, 20, 46, 19, 6, 18, 16, 9, 5, 1, 35, 25, 1, 50, 39, 24, 24, 6, 11, 12, 24, 1, 13, 49, 33, 3, 20, 47, 40, 1, 50, 38, 26, 47, 25, 36, 42, 3, 26, 7]}