{"model_name": "LSTM CNN Inception", "train_loss": [15.661664962768555, 14.047633171081543], "train_accuracy": [0.052013423293828964, 0.09731543809175491], "val_loss": [15.68912410736084, 13.563789367675781], "val_accuracy": [0.01342281885445118, 0.02684563770890236], "y_pred": [8, 25, 8, 13, 35, 13, 7, 2, 25, 2, 16, 7, 2, 7, 36, 2, 5, 8, 25, 25, 25, 5, 13, 13, 5, 2, 5, 5, 8, 2, 36, 5, 25, 25, 5, 2, 25, 5, 36, 2, 2, 2, 2, 5, 7, 2, 36, 2, 5, 5, 13, 7, 50, 25, 2, 7, 35, 2, 13, 5, 13, 7, 5, 36, 7, 13, 2, 13, 2, 2, 11, 7, 5, 2, 13, 8, 5, 5, 7, 25, 13, 16, 13, 50, 7, 2, 7, 5, 36, 7, 5, 36, 36, 39, 13, 13, 11, 39, 5, 2, 8, 5, 2, 5, 8, 5, 13, 5, 2, 35, 2, 35, 2, 7, 13, 13, 5, 36, 2, 5, 2, 2, 8, 25, 5, 13, 39, 5, 5, 2, 13, 5, 5, 8, 7, 5, 36, 5, 7, 35, 7, 2, 35, 5, 13, 8, 7, 7, 36], "y_test": [8, 29, 41, 34, 6, 30, 35, 42, 25, 11, 28, 51, 23, 35, 42, 13, 15, 47, 13, 3, 32, 40, 17, 27, 40, 9, 19, 31, 47, 41, 42, 29, 48, 4, 32, 41, 51, 36, 6, 11, 49, 44, 9, 7, 45, 27, 42, 22, 15, 24, 50, 47, 51, 21, 10, 20, 37, 10, 50, 2, 38, 19, 41, 46, 44, 38, 30, 50, 17, 47, 45, 21, 19, 9, 31, 1, 16, 15, 45, 4, 12, 27, 24, 28, 20, 14, 12, 20, 43, 46, 22, 43, 0, 39, 50, 29, 45, 27, 41, 51, 1, 6, 11, 31, 45, 31, 50, 15, 5, 18, 13, 35, 23, 20, 34, 24, 40, 18, 27, 26, 5, 40, 51, 15, 29, 24, 27, 42, 42, 1, 34, 8, 7, 9, 35, 47, 30, 10, 49, 45, 46, 19, 37, 2, 29, 9, 42, 42, 24]}